<?xml version='1.0' encoding='utf-8'?>
<!DOCTYPE hibernate-configuration PUBLIC
        "-//Hibernate/Hibernate Configuration DTD//EN"
        "http://www.hibernate.org/dtd/hibernate-configuration-3.0.dtd">
<hibernate-configuration>
    <session-factory>
        <property name="connection.url">jdbc:mysql://localhost:3306/zakazi</property>
        <property name="connection.driver_class">com.mysql.jdbc.Driver</property>

        <!-- DB schema will be updated if needed -->
        <property name="hbm2ddl.auto">update</property>
        <mapping class="model.ZakazEntity"/>
        <mapping resource="map.xml"/>
    </session-factory>
</hibernate-configuration>