<?xml version='1.0' encoding='utf-8'?>
<!DOCTYPE hibernate-mapping PUBLIC
    "-//Hibernate/Hibernate Mapping DTD 3.0//EN"
    "http://www.hibernate.org/dtd/hibernate-mapping-3.0.dtd">
<hibernate-mapping>

    <class name="model.ZakazEntity" table="zakaz" schema="zakazi">
        <id name="idzakaz">
            <column name="idzakaz" sql-type="int(11)"/>
        </id>
        <property name="name">
            <column name="name" sql-type="varchar(45)" length="45" not-null="true"/>
        </property>
        <property name="description">
            <column name="description" sql-type="varchar(45)" length="45" not-null="true"/>
        </property>
        <property name="email">
            <column name="email" sql-type="varchar(45)" length="45" not-null="true"/>
        </property>
    </class>
</hibernate-mapping>